,隢‵撖恍?摨?雿??園?甈??踹?嚗?鞎餌??隢??1隤踵,,,,,,,,,,,,,,,
,?Ｗ??嚗??Ｗ??舐?亥痔?桃???????(??/憭?鋆?鋆賭?鈭箔?/鋆賡身?????.蝑?,,,,,,,,,,,,,,,
?Ｗ?,,,,,,,,,?瑕鞎餌,,,,,,,
?楝/閬,MOQ,??,?桀,?孵,?箸?,?Ｗ??,??瘥,??瘥???祥鞎?,?平鞎餌,銵鞎餌,??鞎餌,?潛巨5%,鞎餌撠?,瘛典,瘛典??
ODM/鞎潛?,???寞?靘???潦身閮????對?隞?極撱?甇斤??Ｕ?,,,,,,,,,,,,,,
"?寧-?啁?
(?桅???憭暸?鋡?60g)
摰Ｘ嚗?桃?撱?,?瑟???嚗?隞疏???撠梢??摰??暺? ,,140,,25,115 ,82.14%,0.0,72.51757333,0,0,7,79.5,35 ,25.34%
,,??暺?,,140,,28,112 ,80.00%,0.0,72.51757333,0,0,7,79.5,32 ,23.20%
,,獢?暺?,,140,,31,109 ,77.86%,0.0,72.51757333,0,0,7,79.5,29 ,21.06%
,,?怎?暺?,,140,,28,112 ,80.00%,0.0,72.51757333,0,0,7,79.5,32 ,23.20%
,,獢?蝝???蝟?200,140,70%,31,109 ,77.86%,0.0,72.51757333,0,0,7,79.5,29 ,21.06%
,,?祉?,200,140,70%,28,112 ,80.00%,0.0,72.51757333,0,0,7,79.5,32 ,23.20%
"?寧-?啁?
(??憭暸?鋡?80g)
摰Ｘ嚗?桃?撱?,?瑟???嚗?隞疏???撠梢??摰??暺? ,180,117,65%,22,95 ,81.20%,0.0,60.603972,0,0,5.85,66.5,29 ,24.40%
,,??暺?,180,117,65%,25,92 ,78.63%,0.0,60.603972,0,0,5.85,66.5,26 ,21.83%
,,獢?暺?,200,130,65%,30,100 ,76.92%,0.0,67.33774667,0,0,6.5,73.8,26 ,20.12%
,,?怎?暺?,200,130,65%,24,106 ,81.54%,0.0,67.33774667,0,0,6.5,73.8,32 ,24.74%
"?寧-颲脫?
(??憭暸?鋡?80g)",36??銝蝞?,?暺? ,180,110,61%,22,88 ,80.00%,0.0,56.97809333,0,0,5.5,62.5,26 ,23.20%
,,??暺?,180,110,61%,25,85 ,77.27%,0.0,56.97809333,0,0,5.5,62.5,23 ,20.47%
,,獢?暺?,200,122,61%,30,92 ,75.41%,0.0,63.19388533,0,0,6.1,69.3,23 ,18.61%
,,?怎?暺?,200,122,61%,24,98 ,80.33%,0.0,63.19388533,0,0,6.1,69.3,29 ,23.53%
"鞎潛?摰Ｘ-??颲脫?
(??憭暸?鋡?80g)",36??銝蝞?,?暺? ,180,99,55%,22,77 ,77.78%,0.0,51.280284,0,0,4.95,56.2,21 ,20.98%
,,??暺?,180,99,55%,25,74 ,74.75%,0.0,51.280284,0,0,4.95,56.2,18 ,17.95%
,,獢?暺?,200,110,55%,30,80 ,72.73%,0.0,56.97809333,0,0,5.5,62.5,18 ,15.93%
,,?怎?暺?,200,110,55%,24,86 ,78.18%,0.0,56.97809333,0,0,5.5,62.5,24 ,21.38%
"?寧-
(??憭暸?鋡?80g)",36??銝蝞?,?暺? ,,135,,33,102 ,75.33%,0.0,69.92766,0,0,6.75,76.7,25 ,18.54%
,,??暺?,,135,,36,99 ,73.11%,0.0,69.92766,0,0,6.75,76.7,22 ,16.31%
,,獢?暺?,,150,,42,109 ,72.33%,0.0,77.6974,0,0,7.5,85.2,23 ,15.54%
,,?怎?暺?,,150,,35,115 ,76.47%,0.0,77.6974,0,0,7.5,85.2,30 ,19.67%
??(瘥??,40?唳(銝蝞?,?暺? ,,100,,21,79 ,79.00%,0.0,51.79826667,0,0,5,56.8,22 ,22.20%
,,??暺?,,110,,27,83 ,75.45%,0.0,56.97809333,0,0,5.5,62.5,21 ,18.66%
,,獢?暺?,,140,,33,107 ,76.43%,0.0,72.51757333,0,0,7,79.5,27 ,19.63%
,,?怎?暺?,,130,,26,104 ,80.00%,0.0,67.33774667,0,0,6.5,73.8,30 ,23.20%
?桅???瘥?歹?,25?唳(銝蝞?,?暺? ,,100,,34,66 ,66.00%,0.0,51.79826667,0,0,5,56.8,9 ,9.20%
,,??暺?,,130,,40,90 ,69.23%,0.0,67.33774667,0,0,6.5,73.8,16 ,12.43%
,,獢?暺?,,130,,47,83 ,63.85%,0.0,67.33774667,0,0,6.5,73.8,9 ,7.05%
,,?怎?暺?,,130,,39,91 ,70.00%,0.0,67.33774667,0,0,6.5,73.8,17 ,13.20%
,,獢?蝝???,150,,46,104 ,69.33%,0.0,77.6974,0,0,7.5,85.2,19 ,12.54%
,,?祉?,,140,,41,99 ,70.71%,0.0,72.51757333,0,0,7,79.5,19 ,13.92%
??-350ml,,暺???200,130,65%,39,91 ,70.31%,0.0,67.33774667,0,0,6.5,73.8,18 ,13.51%
??-150ml,,暺?瑼豢狀,180,117,65%,51,66 ,56.15%,0.0,60.603972,0,0,5.85,66.5,-1 ,-0.64%
,,?暸???蝟?180,117,65%,48,69 ,58.97%,0.0,60.603972,0,0,5.85,66.5,3 ,2.18%
,,璇移暺?,220,143,65%,47,96 ,67.13%,0.0,74.07152133,0,0,7.15,81.2,15 ,10.33%
,,,,,,,,,,,,,,,,
,,,,,,,,,,,,,,,,
,,,,,,,,,,,,,,,,
,,,,,,,,,,,,,,,,
?楝銝,,,,,,,,,,,,,,,,
?交??箇?鋆?160g嚗?,?暺? ,180,126,70%,43,83 ,65.87%,0.0,65.265816,0,0,6.3,71.6,11 ,9.07%
,,??暺?,180,126,70%,43,83 ,65.87%,0.0,65.265816,0,0,6.3,71.6,11 ,9.07%
,,獢?暺?,180,126,70%,43,83 ,65.87%,0.0,65.265816,0,0,6.3,71.6,11 ,9.07%
,,?怎?暺?,180,126,70%,43,83 ,65.87%,0.0,65.265816,0,0,6.3,71.6,11 ,9.07%
,,獢?蝝???180,126,70%,43,83 ,65.87%,0.0,65.265816,0,0,6.3,71.6,11 ,9.07%
,,?祉?,180,126,70%,43,83 ,65.87%,0.0,65.265816,0,0,6.3,71.6,11 ,9.07%
?交??箇旨??,,2?乩遙?剔???430,301,70%,172,129 ,42.86%,0.0,155.9127827,0,0,15.05,171.0,-42 ,-13.94%
,,,,,,,,,,,,,,,,
,,,,,,,,,,,,,,,,
,,,,,,,,,,,,,,,,
,,,,,,,,,,,,,,,,
OEM嚗恥?嗆?靘???潦身閮????對????批恥?園?瘙??Ｕ?,,,,,,,,,,,,,,,
蝘?銝剛撱?40?唳(銝蝞?,暺?????,112,,46,66 ,58.93%,0.0,58.01405867,0,0,5.6,63.6,2 ,2.13%
,,,,,,,,,,,,,,,,
,,,,,,,,,,,,,,,,
,,,,,,,,,,,,,,,,
,,,,,,,,,,,,,,,,
,,,,,,,,,,,,,,,,
,,,,,,,,,,,,,,,,
,,,,,,,,,,,,,,,,
,,,,,,,,,,,,,,,,
,,,,,,,,,,,,,,,,
,,,,,,,,,,,,,,,,
,,,,,,,,,,,,,,,,
,,,,,,,,,,,,,,,,
,,,,,,,,,,,,,,,,
,,,,,,,,,,,,,,,,
,,,,,,,,,,,,,,,,
,,,,,,,,,,,,,,,,
,,,,,,,,,,,,,,,,
,,,,,,,,,,,,,,,,
,,,,,,,,,,,,,,,,
,,,,,,,,,,,,,,,,
,,,,,,,,,,,,,,,,
,,,,,,,,,,,,,,,,
,,,,,,,,,,,,,,,,
,,,,,,,,,,,,,,,,
,,,,,,,,,,,,,,,,
,,,,,,,,,,,,,,,,
,,,,,,,,,,,,,,,,
,,,,,,,,,,,,,,,,
,,,,,,,,,,,,,,,,
,,,,,,,,,,,,,,,,
,,,,,,,,,,,,,,,,
,,,,,,,,,,,,,,,,
,,,,,,,,,,,,,,,,
,,,,,,,,,,,,,,,,
,,,,,,,,,,,,,,,,
,,,,,,,,,,,,,,,,
,,,,,,,,,,,,,,,,
,,,,,,,,,,,,,,,,
,,,,,,,,,,,,,,,,
,,,,,,,,,,,,,,,,
,,,,,,,,,,,,,,,,
,,,,,,,,,,,,,,,,
,,,,,,,,,,,,,,,,
,,,,,,,,,,,,,,,,
,,,,,,,,,,,,,,,,
,,,,,,,,,,,,,,,,
,,,,,,,,,,,,,,,,
,,,,,,,,,,,,,,,,
,,,,,,,,,,,,,,,,
,,,,,,,,,,,,,,,,
,,,,,,,,,,,,,,,,
,,,,,,,,,,,,,,,,
,,,,,,,,,,,,,,,,
,,,,,,,,,,,,,,,,
,,,,,,,,,,,,,,,,
,,,,,,,,,,,,,,,,
,蝡嗅?,,,,,,,,,,,,,,,
,撠望?絲擙?"瘚琿憟Ｚ?貊?蝯?~10鈭?韐?圈厭銝蝵?撣89??","6,680","5,680",,,,,,,,,,,,
,????鈭?蝝絲?貊??(5-8鈭箔遢),"1,688","1,570",,,,,,,,,,,,
,?掖??,頞潛????,"2,000","2,000",,,,,,,,,,,,
,????,銝剔??方?瘚琿鞊芾14隞嗥?(蝝?-7鈭?隞?,"2,390","1,580",,,,,,,,,,,,
